Model,Short,Medium,Long,All (1โ€“72 h)
ARIMA,-0.344 ยฑ 0.125,+0.160 ยฑ 0.061,+0.228 ยฑ 0.050,+0.110 ยฑ 0.062
Ridge,-0.038 ยฑ 0.155,+0.123 ยฑ 0.245,+0.202 ยฑ 0.123,+0.135 ยฑ 0.162
Random Forest,+0.362 ยฑ 0.090,+0.545 ยฑ 0.084,+0.538 ยฑ 0.069,+0.511 ยฑ 0.077
XGBoost,+0.371 ยฑ 0.089,+0.546 ยฑ 0.081,+0.535 ยฑ 0.068,+0.511 ยฑ 0.075
NLinear,-0.033 ยฑ 0.067,+0.278 ยฑ 0.043,+0.311 ยฑ 0.043,+0.243 ยฑ 0.042
DLinear,+0.041 ยฑ 0.066,+0.281 ยฑ 0.050,+0.310 ยฑ 0.049,+0.255 ยฑ 0.045
LSTM,+0.252 ยฑ 0.103,+0.433 ยฑ 0.089,+0.431 ยฑ 0.079,+0.402 ยฑ 0.084
TCN,+0.281 ยฑ 0.089,+0.477 ยฑ 0.078,+0.469 ยฑ 0.074,+0.440 ยฑ 0.076
Transformer,+0.298 ยฑ 0.079,+0.505 ยฑ 0.075,+0.496 ยฑ 0.068,+0.466 ยฑ 0.070
N-BEATS,+0.079 ยฑ 0.168,+0.388 ยฑ 0.124,+0.404 ยฑ 0.101,+0.344 ยฑ 0.116
N-HiTS,+0.095 ยฑ 0.181,+0.401 ยฑ 0.131,+0.407 ยฑ 0.115,+0.353 ยฑ 0.128
